location_name,id
Nhà thờ Đức Bà Sài Gòn,1005084867
Đền Voi Phục,100798317
Nhà thờ Giáo xứ Thánh Giuse,1014264072
Hang Ma Street,1028564482
Khu du lịch sinh thái Châu Đốc,103297555
Duong Le lai,10363
Gành Ông - Bãi Xếp,103941408
Chùa Ngọc Hoàng,104198271
Dinh Bảo Đại,1044237186
Biađá đìnhKimLiên-HPIM2628,104622
Citadel of Huế 2,104627
Cổng chùa Âng,104896
Tịnh xá Ngọc Châu,1052829137
Chùa Một Cột,105576663
Du lịch cộng đồng Mường Phăng,105756067
Nhà Thờ Giáo Xứ Phương Quý,10583023
Hồ Thượng Long,106002168
On Lang Pagoda,1064694648
Nhà thờ Thánh Nữ Jeanne d'Arc (Nhà thờ Ngã Sáu),10664658
Thành Nhà Hồ,1076205996
Vietnam 014 (6693191371),107747
Nhà cổ Huỳnh Thủy Lê,108741768
National Museum Vietnamese History 50,10877
Chùa Quang Minh,108943744
Vogel's Pit Viper,109509
Đảo Yến Phú Quốc – Trầm Hương & Yến Sào,109582302
Hồ Núi Cốc,109993
Động Đá Bạc,110096015
Vietnam 051,110950
Kỳ đài ở Huế,111065
Ngọ Môn (Cửa Ngọ Môn),111618003
Khu di tích Gò Tháp,112011178
Moana Sa Pa,112437108
Trang trại dế Thiện An,112487000
Bảo tháp,112557
Cablestay bridge in Saigon-2,113331
Nông trại Ngựa Măng Đen,113923165
Cầu Phú Mỹ,1146909062
Chùa Phụng Sơn,1149049128
Nhà tho Phát Diem,115883
On the King's tracks,1162679882
Sài Gòn - Chùa Bà Thiên Hậu,116334
Vịnh Xuân Đài,116503456
Nhà tù Hỏa Lò,1166092386
Chua Dai Giac,117500
Miếu Nhị Phủ,117745
Phố Bích họa Phùng Hưng,118038179
Khăn rằn 1,118748
Tam Kỳ Phổ Độ Thánh Thất - panoramio,119206
Bạch dinh- hiện vật,119243
Nhà thờ Dòng Chúa Cứu Thế,1198527524
Chùa Tây An,120427148
Hanoi KimLiên3 tango7174,120976
Son Doong Cave 2,121100
Vườn dâu Ichigo farm,121169072
Chùa Một Cột,121481
LANDMARK72,121533
Động Thiên Đường,121721
Biển Khai Long,122549733
Nhà thờ chính tòa thành phố Long Xuyên,122786
Thiền Viện Trúc Lâm Chân Nguyên,123020375
Thác Liêng Nung,12339330
DALA FARM,1240043515
Phuoc An Hoi Quan,1240603940
Hanoi Botanical Garden (20140802 173558),124454
Nghia An Temple,1251117307
"""Japanese Bridge"" (16th-17th century) - panoramio",125300
Thánh đường Hồi giáo Chợ Lớn,1259408942
Lâu đài Khải Huyền (Palace Of Revelation),126312584
Nhà thờ Chợ Quán,1274575171
DUONG VAO NGOC SUONG RESORT - panoramio,128015
Thác Bà Lake,128228
Chi Lăng stadium,128310
View of Vung Tau from Vung Tau lighthouse (August 3,128374
Bảo tàng Phụ nữ Việt Nam,129798
Vietnam - Da nang - Musée de la sculpture Cham,130230
Phòng Đọc dành cho nhà Nghiên cứu và Doanh nhân,131182
Cầu Rồng,1312856655
Đường Lê Thánh Tôn,131327972
Đồi chè Hương Trà,13136231
Hố Trời,131781249
Chùa Phật Học,132086300
Bai Chay Bridge,133325
Làng Thổ Hà,133451385
AuCo2 DuongChinh,133572
Lăng vua Dục Đức,133740605
Hanoi250 2045601 n,133933
Wood Carver Kim Bong,134053
Chùa Trấn Quốc,134422
Khu di tích Ngã ba Đồng Lộc,13467087
Hồ Hoàn Kiếm,134878
Chùa Ôn Lăng,135320
Nấm Phú Quốc,13552539
Đền thờ Hoàng Công Chất,135769693
Thành Cổ Châu Sa,135884974
Graves renovated by families,136317
'Georgia Fireball' 175mm Artillery Piece,136610
Street vender near Chùa Linh Phước - panoramio,137130
Hố Xuân Hương ĐL - panoramio,137138
Di Tích Lịch Sử Đền Hệ,137308240
Nhà thờ Đức Bà Sài Gòn,137614065
Tháp Hòa Phong,137816214
Thác Bạc Bản Vàng,138278192
Khu du lịch sinh thái Bà Rá Thác Mơ,138827605
2016-11-01,139377
Chùa Huệ Nghiêm,1396364526
Phố Cổ,1397034272
Chùa Phước Thạnh,1398061559
Tháp Nghinh Phong,13981794
Phu toan quyen 2,14034
Coi Village,140367556
Dan toc hoc 1,140932
Le Vietnam,14098
Truc Lam Zen Monastery (August 7,141206
Tailored Vietnam By Christine (Tour Thiết kế riêng),141243669
Khán đài A - Sân vận động Quốc gia Mỹ Đình,141856
Tp Ho Chi minh,142465
Lăng vua Minh Mạng,142717399
Po Klong Garai Temple,14383505
Đà Lạt flower park (August 6,144275
Bãi Biển Đồng Châu,145031026
Canh 7,145173
Cầu Sông Hàn,1452242134
Nha tho Da Minh,1454251416
Đền Ngọc Sơn,1458108921
Flag Tower of Hanoi viewed from the museum in 2014,145844
Lăng Dục Đức,1472850332
Nhà thờ La Mã,14763359
03.10.26 29 Suoi Tien-parken Inngangen til badeanlegget,148756
Bảo tàng Lịch sử Quân sự Việt Nam,149285
Templo sunfala,149368
Beijing Chaoyang - Olympic Village IMG 5723 Inter Continental Hotel,149535
Sơn La Dam reservoir,149877
Thánh đường Masjid Al Ehsan,150407712
Phố đi bộ Nguyễn Huệ,150992213
Khánh đồng,151011
Bến Nhà Rồng,151058
Lảo Thẩn,151084692
Chùa Hương,151309739
LONG BIEN BRIDGE HA NOI VIETNAM FEB 2012,152377
"Yellow items on display for ""Hoang Thanh Thang Long"" in 2014",152437
Lao Cai - P1380524,152501
Chùa Từ Hiếu,1525970557
Quảng trường 2 Tháng 4,1533324352
Trùng tu Nhà thờ Đức Bà Sài Gòn 2018,153668
Jade emperor pagoda-1,154569
Bản Đôn,1552950612
Chợ Bến Thành,155319
Trang trại Ong Phú Quốc,155640680
Chùa Quan Âm,156529472
Hồ Tây Đắk Mil,156718082
Cổng chùa Hang (Trà Vinh),156825
Khu giải trí Đảo Sỏi,156962279
RungUMinh2,157989
Seymour Vietnam Veterans Commemorative Walk Long Tan Cross 003,158425
Thác K50,159139822
Voi,159148
Đồi chè Cầu Đất,15937221
Le pavillon Trung Lop (Palais An Dinh,159672
Quảng trường tượng đài Chủ tịch Hồ Chí Minh,160507920
Chùa Bà Thiên Hậu,1617001322
Cathedral of Da Lat 15,162524
Nhà thờ Tân Định,162703
Nha hat Thanh Pho,16314
Quần đảo Bà Lụa 1,163230
Hoàng thành Thăng Long,164520544
Hanoi,164543
Hang Cop Waterfall in Da Lat,165388
KhoangXanh - Be khoang nong 22,165669
Thác Ba Tầng,166234505
Vietnam National Villages For Ethnic Culture And Tourism,1670734905
Chùa Xá Lợi,168064
Hải đăng Tiên Sa,16942608
Đài quan sát Saigon Skydeck,16960535
Trụ sở Ủy ban Nhân dân Thành phố,1696219201
Mũi Đại Lãnh,169662025
Di tích thành Bản Phủ,170054419
Dinh Bảo Đại,1702788886
Thác Mạ Héc,170786413
Ho Van - Van Mieu,1711022118
Thai Binh Pavilion,1711792085
Building D67,171872483
Vòng quay Mặt Trời (Sun Wheel),172504244
Chùa Giác Viên,1727629698
Biệt thự Hằng Nga,173200
Danh thắng Côn Sơn,17334256
Làng Rối Nước,173491855
Khu du lịch Ghềnh Ráng Tiên Sa,173723355
Cầu Cần Thơ,174562
Fresh Dalat,1756549537
Đường Sách Thành phố Hồ Chí Minh,1758531531
Thác Bobla và Resort Trà,17631712
Chợ nổi Cái Răng,17690203
Đồi chè Gia Nghĩa,177159442
Zingiber collinsii CTNP RPB,177220
Chùa Am,177561458
Chùa Thiên Mụ,1787350545
Nhà tù Phú Quốc,178816
Javatuan dalat golf,179766
Vườn tháp chùa Tây An,180385
Thung lũng Sủng Là,180735321
Royaltea,181317
Thánh đường Hồi giáo Al Noor,1815656274
Làng Thủ Sỹ,182098646
Thác Khuổi Nhi,182399964
Hue Vietnam Tomb-of-Emperor-Gia-Long-04,182673
Chùa Kim Sơn,18365581
Trại Phú Hải Côn Đảo - panoramio,183876
Flickr. Chùa Phật Tích Trúc Lâm,184326
Đền Đô Đình Bảng,184716
Đồng sen Tháp Mười,184834095
Salle sur l'antiquité vietnamienne (Musée d'histoire,184903
Công viên chiến thắng Long Bình,184963675
Mtcarstravel,185475685
Saigon Times Square,185687
Tháp Chăm Po Sah Inư,185733972
2017 11 25 150548 Vietnam Hanoi Ceramic-Mosaic-Mural 05,185771
ICPoNagar03,185834
Đền Tranh,185973207
Park February 3,1861906095
Hồ Ba Bể,186520328
Samten Hills Đà Lạt,186919420
French era guillotine,186946
Đồn Cao Đồng Văn,187044345
Buu Tri Pagoda,187327557
Hồ Pá Khoang,187522982
Nha Vuon Xuan Dai,1880840454
Reunification Palace. Hcmc. Vietnam,1881724535
CUC Gallery,1887649858
Tượng đài và Đền thờ Võ Thị Sáu,189002739
Z Beach Nha Trang,189184161
Đầm Thủy Triều,1892489634
Nhà thờ hạnh thông tây,18959
Chùa Trấn Quốc (Hồ Tây),189744
The Cao Đài Tây Ninh Holy See,189897
Bến Dược temple,19003
Đèo Hải Vân,1901247416
Ngũ Hành Sơn,1902430957
QF 3.7 inch mountain gun at Zone 5 Military Museum,190292
SVĐ Gò Đậu,191801
Chùa Phật Lớn,1919604841
Đường Sách Cà Phê Buôn Ma Thuột,192089027
Khu lưu niệm Trần Phú,19258367
Núi Chiêu Lầu Thi,192805735
Tháp Rùa,1928629804
Làng Cù Lần,192866649
Đền thờ Vua Đinh và Vua Lê - Cố đô Hoa Lư,193075471
Chùa Thiên Vương Cổ Sát,19406835
Nhà Thờ Công Giáo Quảng Ngãi,194094170
Lăng vua Thiệu Trị 2,194348
Cầu Thê Húc,194954
Bến Thành,195083
Dam Sen 2008-56,19534
Chùa Pháp Hoa (Quận 3),1954719726
Núi Tà Cú Vietnam 02,195579
Nhà thờ Núi,195611524
Lăng Tự Đức (Huế),195954
Temple Of Hung King,1960724597
ThapHoaPhong10,19621
Phuoc Dien Temple,1973117803
Emperor Quang Trung's Statue,197452912
Saint Francis Xavier Church,198060
Núi lửa Chư Đăng Ya,198423675
Dinh Co Vu,1985655075
Chùa Phước Tường,198633298
Chùa Phổ Linh,199041007
Nhà tù Phú Quốc,19907947
Chùa Long Sơn,199213285
Thuan Phuoc Bridge-1,199566
Nông trại Walkie-Talkie,200189967
Đương lên đồi Mimosa thung lũng tình yêu - panoramio,201016
Công viên nước Vinpearl Hà Tĩnh,202913318
Hổ Quyền,2033365428
Đền Cô Bơ,2051016854
Thiền viện Trúc Lâm Bảo Sơn,205172009
Mian Farm,206268770
Trompe L’oeil Murals,2072160334
Đèo Khau Phạ,208245362
Đền Tuần Quán,208887472
Vietnam - Russia Monument,2102784783
Chùa Phật Tích Trúc Lâm Bản Giốc,210315065
Núi Chứa Chan,210427403
Dinh I Bảo Đại (Dinh 1),210773870
Cồn Qui,211240142
Đền Lê Lai,2118733558
Nhà tù Côn Đảo,212134791
Phủ Tây Hồ,212424642
Đình Tân Lân,212938912
Phố đi bộ Trịnh Công Sơn,213017107
Chua Buu Dai Son,2135757637
Phố đi bộ Nguyễn Đình Chiểu,213682158
Thác Gò Lào,21374110
Đền Lý Thường Kiệt,2150696069
Đền Châu Phú,2156117670
Chùa Nghĩa An (Miếu Quan Đế),21567308
Bảo tàng Y học Cổ truyền Việt Nam - Fito Museum,215765232
Arena Vũng Tàu,216864187
Di tích Kiếp Bạc,217175928
Chùa Báo Quốc,2172496736
Nhà thờ Chính tòa Thánh Phanxicô Xaviê,2176652350
Đèo Pha Đin,217810191
Chợ Cao Sơn,217981528
Chùa Kỳ Viên Trung Nghĩa,218502133
Galina Lake View Hồ Kênh Hạ,219487760
Tượng Phật Quan Âm (Laddy Budda),220105054
Chùa Thiên Ấn,220888283
Di tích Đồn Phủ Thông,221320011
Lam Ty Ni Pagoda,2214591079
Cáp Treo Fansipan,221713771
Cửu Vị Thần Công,2220710082
Thảo Nguyên Bùi Hui - Ba Tơ (Green Camp),223623092
Chùa Bút Tháp,2238418513
Nhà thờ Domaine de Marie,224143089
"Tháp Nhạn, Tuy Hòa",225938888
Den tho Nam Hai Than Vuong - Bai da co,22656
Hồ Noong,227371420
Cầu Ba Son (Cầu Thủ Thiêm 2),227652812
Khu du lịch Sóc Xiêm,229819822
Đền Mẫu,230110189
Nhà thờ Phanxicô Xaviê,23214571
Vườn nhãn cổ Bạc Liêu,232923938
Khu du lịch sinh thái Suối Mỡ,233012167
Chùa Linh Sơn,2334584883
Làng rèn Phúc Sen,233724178
Tượng đài Hoàng đế Quang Trung,233731740
Khu Tưởng niệm Chủ tịch Hồ Chí Minh,234229076
Nhà thờ Domaine de Marie,2349268059
Cầu Gỗ Lim,235435933
Thung lũng Tình yêu,2355091677
Bản Đôn,236198615
Tháp Bà Po Nagar,2363273603
Ong Bon Pagoda,2367561283
Smiley Ville,237565397
Chùa Linh Ứng,2383187740
Khu du lịch sinh thái Hoa Sơn Điền Trang,238323416
Hồ Thủy Tiên,238916689
Chùa Long Sơn,24126708
Cung Văn hóa Hữu nghị Việt Xô,241379933
St Joseph Cathedral Hanoi 0378,2414
Bảo tàng Vĩnh Long,241507506
Sân trong Hoàng thành,24264
Thánh thất Cao Đài,2431393927
Hội Thánh Tin Lành Gia Định,243641618
Đồi Mộng Mơ,2436540384
Tay Loc Airfield,2450597592
Chùa Bà Thiên Hậu Cà Mau,245242543
Chùa Thiên Ân - Đầm Môn,245402257
Cánh đồng hoa rễ,246627083
Bảo tàng Hải Dương,247977264
Chùa Giác Lâm,2480415202
Biệt thự Hằng Nga và Phòng triển lãm Nghệ thuật,248598606
Ảnh,25073
Vo Thanh Hue,251956492
Cầu Ba Son,2524386848
Lăng Ông Nam Hải (Đền thờ Cá Ông),253003965
Trung tâm văn hóa Suối Tre,253385284
Nhà thờ Chính tòa Nha Trang (Tháp Bà Po Nagar nhầm lẫn),253550428
Nhà tù Hỏa Lò,254095943
Dinh Chúa Đảo,254650525
Pagoda But Thap,2547375578
Rừng hoa tam giác mạch,254827719
NHA TRANG CATHEDERAL VIETNAM JAN 2012,25569
Đài quan sát Lotte,2557421394
Tượng đài Bồ tát Thích Quảng Đức,256371403
"An Bang Cemetery, City Of Ghosts",2563941430
Temple Hai Bà Trưng,25693
Đami Farm,2570180706
D. Le Van Sy,2573811321
Thánh thất Tân Hòa,257502803
Lăng Tự Đức,2585509661
Đèo Mã Phục,258991231
Khu bảo tồn Tây Yên Tử,259178353
Biển Khe Hai Quảng Ngãi,259553258
Hồ Ea Snô,260938591
Khánh Vân Nam Viện,261075250
Đài tưởng niệm Bắc Sơn,261176953
Nhà Thờ Chánh Tòa Phú Cường,26134186
Tuyệt Tình Cốc,261762275
Nhà thờ Phát Diệm,261812704
Núi Hồng Lĩnh,262163135
Đàn Nam Giao,262348334
Di tích Trận đánh Long Tân,262872272
Khu phức hợp ẩm thực Serafim Alley,26296137
Bảo tàng Chứng tích Chiến tranh Sài Gòn,26359
Cù Lao Minh,263706084
Chùa Vĩnh Nghiêm,263854427
Thung lũng Khuổi Han,264073402
Cầu Sông Hàn,265482695
Thác Giang Điền,26597485
Smiley Ville,2661480301
Đình Vạn Thủy Tú,26673619
Gia long waterfall,26688
Chùa Hà,266934241
Vườn quốc gia Nam Cát Tiên,268075227
Đền Đồng Cổ,2685329481
Hồ Hữu Tiệp,26854
Catholic Church Huyen Sy,2686854960
Linh Quang pagoda,2695780959
Bảo tàng Lịch sử,27048
Chùa Linh Quang,271598206
Cửu Vị Thần Công,27262820
Cửu Đỉnh,2731084414
Văn Miếu - Quốc Tử Giám,2735635701
Bãi Biển Sa Huỳnh,273816279
Royal Tombs,274498422
Dan Nam Giao,275162994
Lý Tự Trọng Street,2757120294
Thác Datanla,27605
Đồi Núi Đất,276301108
Núi Langbiang,2775088910
Cầu Trần Thị Lý,2779666333
Quảng trường Đông Kinh Nghĩa Thục,278709134
Hang Chiều,278863687
Công viên Suối Mơ,279248953
Động Ngườm Ngao,280834648
Mushroom Club Xuan Thuy National Park,2809
Núi Langbiang,281427039
Khu du lịch Thác Tiên - Đèo Gió,281709072
Khu nhà tưởng niệm Trương Vĩnh Ký,281930961
Thành cổ Luy Lâu (Tuy Lâu),282394347
Kỳ Đài Huế,2825326059
Hồ Thủy Tiên,2826236469
Now Spa,282812829
Cầu Trần Phú,282846795
Biệt thự Hằng Nga (Crazy House),282849169
Ga Đà Nẵng,283168227
Quảng Trường Tỉnh Tuyên Quang,284763613
Đập Tân Sơn,284891313
Núi Tà Cú,285006130
Đền Hoa Lư,285371889
Công viên Tưởng niệm Bồ tát Thích Quảng Đức,285879477
Chùa Vĩnh Nghiêm,2861828174
Vườn chim Bạc Liêu,286539577
Chùa Phương Trạch,287442848
Võ Thánh Huế,288534735
Núi lửa Chư Bluk,28864850
Lăng tẩm hoàng gia Huế,289266462
Khu du lịch sinh thái Gáo Giồng,289584855
Cổng Trời Quản Bạ,289624999
Phủ Chủ tịch,290043927
Chùa Phước Điền,2902052229
Đền An Mạ,290264857
Phố đi bộ Bùi Viện,2909019907
Al Rahim Mosque,2914084922
Cung An Định,292154672
Tháp Bà Ponagar,2929354667
Khu di tích Tràng Kênh,293372481
Đền Trần Thái Bình,293659565
Mộ anh hùng Kim Đồng,295757819
Hải đăng Mũi Dinh,29638902
Ngôi nhà Tây Tạng,298394824
Ô Quan Chưởng,298694756
Longevity Temple,2987272052
Cửa Thượng Tứ,298768605
Bobla,29884
Đền Quán Thánh,2988524261
Điện Biên Phủ,299297334
Điện Thái Hòa,2999602097
Nha Tho Giao Xu An Hai,3000134667
Hải đăng Vũng Tàu,300168820
Công viên Đồng Xanh,300279609
Nhà thờ Lớn Hà Nội,300562984
Chùa Long Thọ,3007457440
Chùa Linh Sơn,301298209
Phố đi bộ Huế,3025050973
Miếu Nổi (Phù Châu Miếu),303505224
Nhà thờ Núi Nha Trang,3054816648
Lăng Tả quân Lê Văn Duyệt,3062856637
Khu du lịch sinh thái Mỹ Lệ,30630135
Chùa Bửu Long,3068418751
Tượng Phật Vàng,3074392782
Chuong Duong Bridge,30807
Đền Cao Đài,308519273
Thiền Viện Trúc Lâm Hộ Quốc (Chùa Hộ Quốc),308990802
Đình làng Đình Bảng,309197531
Phố Cổ,3106598289
Chùa Bút Tháp,311081419
Vietnam - panoramio,3113
Dinh Độc Lập,3118413099
Phố đi bộ Nguyễn Huệ,312166723
Trang trại Trầm Hương Hoàng Gia (RoyalAgarwood Farm),31287970
Chùa Bát Nhã,313113628
Đầm Thị Tường,313191287
Bảo Tàng Thái Bình,313362603
Fresh Garden,3136369028
Lăng Chủ tịch Hồ Chí Minh,314185466
Phố Đường Tàu Hà Nội,3146671370
Khu du lịch suối khoáng Kim Bôi,314816028
Khu căn cứ Minh Đạm,315961127
Yangsing1,31603
Donki Land,316517692
Suối Lê Nin,317105916
Cáp-treo-fan-12,31769
Án thờ Vua Khải Định tại Ứng Lăng 2,31889
Biệt thự Hằng Nga (Crazy House),3195269714
Thuong Tu Gate,3197799668
Trường THPT Chuyên Quốc Học Huế,3197860422
Vườn quốc gia Cát Bà,319855781
Khu du lịch rừng Madagui,320457650
Đền Đồng Cổ,320625012
Chùa Minh Tịnh,320625224
Tháp Trầm Hương,320791931
DALA FARM,321335922
Nhà thờ Tin Lành Cần Thơ,321432647
Công viên địa chất toàn cầu Non nước Cao Bằng,321550107
Mountain and cave park of Cat Ba island in 2015 20,32276
Làng Cù Lần,3230989004
Trùng Sơn Cổ Tự,324086607
Núi đôi Quản Bạ,324148490
Chùa Bát Nhã,3245284298
Dinh 1 Da Lat,3248871582
Làng hương Thủy Xuân,325756948
Vùng quê Phú Quốc,325979002
Chùa Suối Đổ,326907749
Ho Chi Minh Square (Quảng trường Hồ Chí Minh),3272815784
Dong Kinh Nghia Thuc Square,3292479412
Đền Bà Chúa Kho,329362729
Địa đạo Củ Chi,3296341522
Làng dệt thổ cẩm Chăm Mỹ Nghiệp,330392420
Waterfall near Đà Lạt,33080
Chùa Linh Sơn Trường Thọ,330940588
Đền Hạ,331080070
Thế Miếu,3311992035
Cầu Trường Tiền,331395063
Hue Temple / Báo Quốc Temple,3316847563
Tượng Phật Bà Quan Thế Âm (Chùa Linh Ứng Bãi Bụt),331710020
Khu Du Lịch Bến Xưa,332032556
Chùa Một Cột,3322089151
Chùa Tàu (Thiên Vương Cổ Sát),3322965895
Cung điện Hoàng gia Huế,3337482195
Bãi tắm Robinson Nha Trang,334061290
Bưu điện Trung tâm Sài Gòn,3366299
Tượng đài Chiến thắng Điện Biên Phủ,336700079
Thung Lũng Mặt Trời Mọc,337102239
Đồi A1,337501823
Phủ Chủ tịch,3376471131
Văn Miếu - Quốc Tử Giám,338207021
ICHueMM11,34266
Tịnh xá Ngọc Đắc - Giáo Đoàn 3,343761039
Toàn cảnh Quảng trường Times City,34387
Rừng ngập mặn Cà Mau,344988644
Cửu thác Tú Sơn,345845920
Âu thuyền quần đảo Hà Tiên,34610
Đền thờ Bác Hồ,346147172
Chùa Thới Long Cổ Tự,346159713
Văn miếu Mao Điền – Cẩm Giàng,347024729
Di tích Sơn Mỹ - Khu chứng tích Mỹ Lai,347200949
Đền Tưởng niệm Bến Dược,3473346144
Nha Tho An Hoa Da Nang,3493122135
Chùa Ghositaram,349866009
Pho Linh Temple,3509492289
Việt Phủ Thành Chương,351964581
Chùa Trấn Quốc,3525122828
Chùa Diệu Đế,3529185386
Chùa Từ Đàm,3534370397
Quảng trường Ba Đình,3536110583
Không gian văn hóa Lục Bộ,354220996
Ham song Sai Gon,35438
Chùa Tây An,3545730267
Tran Hung Dao Statue,3546484086
Đình Phú Hòa,354658997
Đồng cỏ và chim nước,35484
Oficina Central de Correos,35573
Dan te Nam Giao,355795036
Lăng Chủ tịch Hồ Chí Minh,356602945
Cầu Vàng,3568330249
Thảo Cầm Viên-Bến Nghé,35734
Ho Chi Minh's Mausoleum - panoramio,3574932
Phước Kiển Tự (Chùa Lá Sen),358509079
Nhà thờ Chính tòa Đà Lạt (Nhà thờ Con Gà),358816138
Tam Sơn Hội Quán,359069240
Chùa Pháp Trí,359944633
Cultural Friendship Palace (Cung Van Hoa Huu Nghi),3605419300
Chùa Vạn Phước,361396393
Thiền viện Trúc Lâm Đà Lạt,3626548903
Voi,36336
Mongo Land Đà Lạt,363471160
Ga Đà Lạt và Bảo tàng Đường sắt,364278753
Cầu Hôn Phú Quốc,365558202
Làng trầu Vị Thủy,36556069
Hanoi Evangelical Church,3659760105
Khu du lịch Đồng Xoài,367568264
Làng du kích Đồng Khởi,367602962
Cầu Phú Xuân,367764960
Khu bảo tồn thiên nhiên Lung Ngọc Hoàng,367856137
Nhà thờ Phủ Cam,3681006532
Vườn hoa Hạ Lũng,368331895
Vườn Mận Nà Héc,368789623
Giếng Bá Lễ,3688815476
Đèo Gió,369077036
Di Tích Thành Nhà Mạc,369803792
Chùa Ông,370734164
Chùa Bà Ấn (Đền thờ Mariamman),3709052863
Phú Trinh,3709684380
Tòa tháp Bitexco Financial,3712881956
Làng Văn Hóa Ngòi Tu,371373756
Tháp Trầm Hương,3714459375
Chùa Huê Nghiêm,373288253
Hồ Suối Lam,373464859
Nhà thờ An Hòa Đà Nẵng,374053627
Halls of the Mandarins,374066108
King of Hell,37461
Đồi Mộng Mơ,375032260
Bac Son Monument,3751314462
Cánh đồng cà rốt,376096951
Now Spa,3762964453
Đình Kim Ngân,376928385
Đồi Cát Nam Cương,377267611
Tượng đài Chủ tịch Tôn Đức Thắng,378225471
Trung tâm Thánh mẫu Trà Kiệu,37884896
Chùa Linh Ẩn,3792663175
Làng Chuông,379642753
Trung tâm thương mại SORA Gardens SC,379670469
Làng Lô Lô Chải,380611082
Saigon Square,3807019954
Thánh đường Hồi giáo Trung tâm Sài Gòn,3816534759
Chùa Thiên Trù,382136543
Chùa Linh Ẩn,382366921
Hồ Khuôn Thần,382956536
Nhà thờ Đa Minh Ba Chuông,383121391
Chùa Linh Phước,3836846561
Đền Tiên La (Đền Bà Triệu - Chầu Bát),383799194
Khu du lịch sinh thái Bửu Long,384002545
Thiền viện Trúc Lâm Hậu Giang,384936568
Thánh đường Hồi giáo Al Rahim,386558453
Tượng đài Chủ tịch Hồ Chí Minh,387066826
Hoàng cung Huế,387498840
Bản Mển,387927305
Khu di tích lịch sử khởi nghĩa Nam Kỳ,388392300
Cụm di tích Đa Hòa - Dạ Trạch,389087598
Địa đạo Củ Chi,3899901037
Chua Trung Kinh Thuong,3913806526
Nhà Thờ Giáo Xứ Phanxicô Xaviê,391548615
Đình Kim Ngân,3919100137
Đại Nội Huế,3920005266
An Long Pagoda,3928462923
Biển Đồ Sơn,393828094
Đền Mẫu Thác Bà,394246634
Biển Cồn Nhàn,39431104
Phòng Quan sát Landmark 81,394537543
Đền thờ Vua Lê Hoàn,394840835
Chùa Linh Long Tự,394910609
Chùa Linh Ứng (Tượng Phật Bà Quan Âm),3950264596
Tam Son Hoi Quan Pagoda,3952455465
Khu du lịch sinh thái Đức Đường,395585328
Khu bảo tồn Thiên nhiên Kim Hỷ,396294209
Chùa Ngọc Hoàng,396712093
Dinh Bà Thủy Long Thánh Mẫu,397194403
Chùa Tam Bảo,397938071
Ga Hải Phòng,398106112
Chùa Đồng Lân,398142510
Đền Giếng,398510752
Tả Vu và Hữu Vu (Halls of the Mandarins),398616942
Rừng nguyên sinh Khe Rỗ,400077174
Nhà lao Pleiku,400612667
Chùa Pháp Trí,401584317
Cham Khanh Hoa,402222546
Chùa Bảo An,402690844
Khu bảo tồn linh trưởng,40430
Biển Đại Nam 2,40463
Đền Thượng Bồng Lai,40470099
Con đường Hạnh Phúc,405455130
Cầu Trường Tiền,4055906889
Khu du lịch Sinh thái Thủy Châu,405713152
Đền Truông Bát,407111198
Nhà thờ Tam Tòa,407351530
Vòng quay Mặt Trời (Sun Wheel),4084249354
Tao Sach Pagoda,4092606754
Đền Hai Bà Trưng,4093922080
Church of St. Joan of Arc,4101230321
Dấu chân Hoàng gia (On the King's tracks),411481062
Quảng trường Lâm Viên,411643983
Nhà thờ Tham Tướng,412249615
Chùa Phước Điền (Chùa Hang),412391201
Tòa tháp Bitexco Financial,4125
Chùa Phước Linh (Phước Linh Cổ Tự),413275096
Phuoc Tuong pagoda,4134737682
Chợ Đà Lạt Việt Nam,41376
Thiền Tôn Phật Quang,413784938
Quảng Đức Xưa,413903194
Chùa bà Bình Khương,414103082
Phà An Bình,414457632
Ngã Sáu Nha Trang,416010306
Thác Datanla,4183463611
Khu bảo tồn thiên nhiên Nâm Nung,418540642
Đường Đồng Khởi,4185492673
Cồn Phụng (Cồn Ông Đạo Dừa),418710779
Thác Phú Cường,418726411
Di tích Đèo Giàng,41883071
Nhà thờ Cửa Bắc,419327652
Chùa Trấn Quốc,419434717
Di tích lịch sử Chín Hầm,419467943
Tượng Bồ tát Quán Thế Âm,420038692
Khu du lịch Bọ Cạp Vàng,42250627
Hồ Thác Mơ,423168162
Thái Miếu Nhà Hậu Lê,423669890
Chùa Quán Sứ,4251889
Quảng trường Hồ Chí Minh,427807025
Nhà thờ Tắc Sậy - Trương Bửu Diệp,427936773
Phố Cổ Hoa Lư,428410843
Khu phố Pháp,428902367
Memorial House - Ho Chi Minh,4290068706
Statue of Avalokiteshvara,4294726142
Chùa Pháp Lâm,42948382
Đài quan sát Lotte,430083966
Chợ Vĩnh Long,430276704
Thác Liêng Rơm,431258182
Khu di tích lịch sử Long Mỹ,431404938
Tháp Bà Ponagar,431907023
Nhà thờ Ghềnh Ráng,432596512
Nhà thờ Chính tòa Long Xuyên,432673614
Thiền viện Trúc Lâm Phương Nam,433480565
Miếu Bà Chúa Xứ,433602811
Aeon Midori Park,434081469
Khu du lịch sinh thái hồ Trại Tiểu,434816415
Elon Farmstay,435326173
Bản Thôn Tha,436457868
Bảo tàng Kon Tum,437625883
Đài tưởng niệm Liệt sĩ Vũng Tàu,438454027
Hồ Bình An,439578530
Ngã Ba Tình,440874893
Khu du lịch Vườn Hồng Tư Tôn,4412064
Biển Ngọc Thạch Phú,441229036
Khu du lịch Bình Quới,441744229
Hàng Đẫy Stadium Gate,44226
Chợ Sín Chéng,442338561
Banana Republic,44280
Tòa Giám Mục Kon Tum,44529533
Nhà thờ Bảo Lộc,446583998
Cột Thủy Tinh Bát Nhã,447173885
Fresh Garden,447222662
Vườn Sa Nhiên,447733960
Làng Văn hóa Du lịch Lũng Cẩm,448731390
Nhà hát Lớn Hà Nội,44895
Saigon Center,44907
Nông trại B'Lao Jade,451542552
Lăng Minh Mạng,451786019
Ninh Bình,45282
Nghè Vẹt,453220588
Chùa Hiến,453870053
Nhà thờ Tân Định,454165852
Thủy điện Yaly,455166187
Biển Sầm Sơn nhìn từ núi Trường Lệ,45536
Núi Kỳ Lân,4565623
Trận địa pháo cổ Sao Mai - Núi Lớn,456886149
Khu di tích Xẻo Quýt,456911032
Đền Nguyễn Trung Trực,457060834
Bảo tàng Trà Long Đỉnh,457063511
Chùa Tiên,458365321
Cụm du lịch Hồ Dầu Tiếng,458619121
Hồ Kẻ Gỗ,458743496
Khu di tích lịch sử ATK Bắc Kạn,459717090
Minh Hải Junk,460147134
Diên Thọ Tự (Chùa Diên Thọ),460715649
Vietcombank Tower,46072
Hồ Bản Viết,460806335
Đảo Cát Bà,462363636
Đài giảng ở nhà thờ Phú Nhai,46328
Chùa Từ Đàm,463619426
Nhà thờ Tân Định,463934309
Chua Hue nghiem,46540
Hồ Bàu Sấu,466321933
Taxi Vĩnh Long,466550023
Chùa Nôm,469270925
Vườn Quốc Gia Xuân Thủy,469984499
Bên trong Nhà thờ Mai Anh,47137
Di tích Nà Tu,472549148
Rừng phong lá đỏ,473764852
Nhà sàn cổ Pù Luông,474090241
Kỳ Đài (Cột Cờ Huế),474832652
Tiệm Đặc Sản Coco Local,476351423
Đền thờ Chu Văn An,477900788
Chùa Linh Phước,477934642
Bảo tàng không gian văn hóa Mường,479120957
Chùa Kim Liên,479422233
Tháp Rùa,479552513
Phủ Trịnh,479955184
Hoàng Su Phì,481562729
Thác Voi Nokrop,483798870
Chợ Phiên Mù Cang Chải,483856590
Công viên Ánh Sáng Kỳ Quan Cổ Đại - The Miracle,484321755
Trảng cỏ Bù Lạch,48652849
Bbarber Shop Huế,48667477
Đường Thanh Niên,486766453
Pháp Viện Thánh Sơn,486915707
Thác Xung Khoeng,487073090
Chùa Xiêm Cán,4873386
Monkey park in the Cat Ba district in 2015 01,48766
Làng Nghề Nha Trang Xưa,487836996
Điện Long Châu (Voi Ré),488555846
Vườn quốc gia Vũ Quang,489034588
Đền thờ Nguyễn Hữu Cảnh,489715459
Chùa Thiên Quang,490492111
Lăng mộ Nguyễn Đình Chiểu,490697520
Khu châu Á Bà Nà Hills,49144
Vườn nho Ba Mọi,491808464
Bạch Mộc Lương Tử,492595091
Lê Thánh Tôn Street,493393131
The French Quarter,494430334
Lễ hạ cờ tại quảng trường Ba Đình,4958
Dinh thự họ Vương,496571582
Giáo xứ Long Mỹ,496831400
Làng Bích họa Đà Nẵng,49724927
Quảng trường Hùng Vương,497794679
Chùa Tiên Châu,4986
Nhà sàn Bác Hồ,500115320
Vườn hoa cẩm tú cầu Phia Đén,500585920
Đình Tân Hưng,500774499
Đền Quán Thánh,501725420
Vườn Upes (Upes Garden),504976158
Chùa Trúc Lâm,505213697
Nhà thờ Giáo xứ An Hải,505868078
Nhà thờ Giáo xứ Đồng Quang,505914667
Vietnam Catholic Tours,506729662
Miếu Bà (trên đỉnh núi Bà Rá),507274978
Đền tưởng niệm Bến Dược,508140138
Cánh tay tượng,50819
Đền Chử Đồng Tử,508567339
Hanoi - Vietnam - Children,51050
Nhà thờ Huyện Sỹ,51177441
Thác Trinh Nữ,513091606
Cầu Sơn Thái,513159984
Bao Dai Villa,51494
Khu du lịch sinh thái Tây Đô,515165556
Ruộng Bậc Thang Hồng Thái,515511775
Cát Tường Quân Zen House,515923919
Fresh Đà Lạt,516533537
Ruộng Muối Bùi Lâm,516885814
NHÀ TỔ CHÙA CỔ PHÁP,51698
Bưu điện Trung tâm Sài Gòn,517193210
Làng gốm Phù Lãng,518331135
Trực thăng Bell UH-1 Huey tại Bảo tàng Thành phố Hồ Chí Minh,51835
Đền Bà Triệu,519770032
Thủy điện Hòa Bình,52015
Chua Duc Hoa Temple,521115425
Làng Văn hóa - Du lịch các dân tộc Việt Nam,521476558
Núi Cấm Sơn,522282101
Đồi Cỏ Hồng Đắk Đoa,522539212
Chùa Vân Sơn (Vân Sơn Tự),522592012
Nhà thờ Lớn Hà Nội,5259678
Nhà thờ Núi (Nhà thờ Chính tòa Kitô Vua),52780435
Khê Gà Lighthouse - Hòn Bà Island - Hàm Tân District - Bình Tuy 1970 - Photo by R. J. Smith,52885
Vườn tiêu Phú Quốc chez Le Ho,529044561
Tòng Lâm Lô Sơn (Chùa Đá Lộ),530259169
Đền Cô Bơ,531133844
Đền thờ Lý Thường Kiệt,53126130
Đài quan sát Landmark 81 SkyView,531753418
Thành nhà Hồ,532256657
Pháp viện Minh Đăng Quang,533787388
Cửu Đỉnh,533941964
Giáo xứ Sao Mai,534465222
Lăng Thoại Ngọc Hầu,535186641
Đami Farm,535745924
Hội quán Hà Chương (Chùa Ông Hược),535805859
Saigon Square,535882921
Đường Hai Bà Trưng,537065401
Cánh đồng muối Bạc Liêu,537974612
Nhà lưu niệm Chủ tịch Hồ Chí Minh,538162089
Bản Y Tý,541475098
Nhà rông Kon Klor,543016062
Phim trường Kong: Đảo Đầu Lâu,543148419
Đền Ngọc Sơn,544562531
Chùa Suối Đổ,545403714
Trung tâm Giao lưu Văn hóa Đà Lạt,545995915
Động Lùng Khúy,547677227
Làng đá Khuổi Ky,54983175
Chùa Vạn Niên -Cổng trong,54989
Chợ tình Khâu Vai,55003828
Vườn anh đào Mường Phăng,55029708
Thác Đắk G'lun,55195368
Chùa Dâu,55214692
Chùa Hoa Nghiêm,552266651
Đền Đồng Bằng,55254223
Làng nghề Bảo Hà,552544920
Thác Datanla,555575274
Hồ Bán Nguyệt,555584599
Metal Sculpture,55647
Thác Nặm Me,556680954
Hoành Sơn Quan,557678179
Điện Thái Hòa,55849392
Chùa Phật Quốc Vạn Thành,559569196
Núi Bà Rá,559738662
Bảo tàng Cần Thơ,560534810
Đền Thờ Đức Thánh Trần Hưng Đạo,560863601
Pháp viện Minh Đăng Quang,560868434
Địa đạo Kim Long,560905674
Viet Artisans,562224413
Làng Bàu Trúc,562494705
Chùa Chân Tiên,562771433
Cao nguyên đồng cao,562980328
Phố Cổ Hà Nội,565022313
Hang Pác Bó,565650296
Cồn cát Quang Phú,565661834
PHƯƠNG NHI TOUR - Tour Câu cá & Khám phá Đảo,56936815
Cánh đồng điện gió Bạc Liêu,569970385
Nhà thờ Chợ Quán,569976322
Chùa Phước Hưng,571219693
Đình Đông Môn,572007298
Làng tre Phú An,572576106
Vườn Quốc gia Yok Đôn,573830397
Trụ sở Ủy ban Nhân dân Thành phố Hồ Chí Minh,574636287
Bản Noong Chứn,574842250
Cửa Bắc (Hoàng thành Thăng Long),575711424
Rừng quốc gia U Minh Hạ,576512061
Vườn quốc gia Kon Ka Kinh,577166365
Hồ Văn - Văn Miếu,577686896
Chùa Trung Kính Thượng,578454037
Hồ Trúc,580175821
Chùa Bửu Long,581377629
Chùa Giác Lâm,582218953
The Florest - Hoa Trong Rừng,58252772
Lăng vua Đồng Khánh,582631445
Thánh đường Hồi giáo Chợ Lớn,582664496
Cung An Định,582704284
Vườn quốc gia Phước Bình,582782998
Thánh đường Mubarak,582922835
Thác Diệu Thanh,586813334
Chùa núi Châu Thới,587231233
Tháp Bằng An,58737
Thung lũng vàng,58815
Chùa Ông Núi,590636574
Việt Nam Quốc Tự,592207137
Khu du lịch văn hóa Phương Nam,593185187
Lăng Thoại Ngọc Hầu,593866462
CÚC Gallery,594668351
Cầu Trần Thị Lý,596343508
Chùa Quán Thế Âm,596659438
Đèo Mã Pì Lèng,597122038
Huong Giang Travel,597309808
Cánh đồng Mường Thanh,598498856
Phố cổ Đồng Văn,598593603
Nhà thờ Chính tòa Nha Trang,599334616
Thống Nhất Stadium,60036
Hải Vân Quan (Hai Van Fort),601297006
Rừng đước Năm Căn,602245324
Nhà thờ chính tòa Long Xuyên,60250805
Delta du Mékong - My Thuan Bridge2,60252
Nhà thờ Dòng Chúa Cứu Thế,602615810
Chợ nổi Cà Mau,602629575
Phố Đường Tàu Hà Nội,603254257
Nhà thờ Bắc Thành,604681214
Núi Voi An Lão,605291669
Hải đăng Kê Gà,607067006
Hô Tuyên Lâm chup buôi tôi - panoramio,60719
Khu du lịch sinh thái Vườn Xoài,607810217
Chùa Quảng Đức,607870966
Đền Ken,609572262
Chùa Minh Thành,609938151
Chùa Bổ Đà,610143897
Thác Đứng,610978193
Nhà thờ Chính tòa Quy Nhơn,61144077
Lê Khang Travel,61178233
Cồn Tiên,612132329
Bản Ten,612625212
Đường Sách Thành phố Hồ Chí Minh,612626633
The Hygge Farm,614288752
Chùa Quan Đế,614498089
Làng Xanh Tự Do (Freedom Green Village),614800738
Địa đạo Long Phước,615621476
Chùa Phước Ninh,615766336
Chùa Phúc Lâm,616221300
Niết Bàn Tịnh Xá,620151539
The Wisteria Hoài Đức,620387719
Thiền Viện Trúc Lâm Bạc Liêu,620825757
Chùa Cổ Kim Dung,621146266
Cánh đồng hoa Cúc Chi,621867370
Đền Xương Giang,62214832
Cầu Treo Cổ Lũy,622463292
Kinh Vĩnh Tế,62292
Đồng Trường - Đảo Ó,623173503
Chùa Từ Quang,623535718
Chùa Linh Quy Pháp Ấn,623935859
Nhà thờ Mằng Lăng,624432546
Điện Hòn Chén,625210221
Nhà thờ Chính tòa Đà Nẵng (Nhà thờ Con Gà),626056976
Làng nghề tương Bần,626671219
Trang trại Thảo Điền Vạn Lộc,626842545
Đèo Hải Vân,62708
Chùa Phước Điền,627217147
Nhà thờ Thánh nữ Jeanne d'Arc Ngã Sáu,62827
Vườn Quốc gia Bù Gia Mập,628507918
Tháp Bánh Ít (Tháp Bạc),628835954
"Khu Phố Cổ Hà Nội, Việt Nam",630033467
Đền Bà Đế,630310880
Thác Đầu Đẳng,630641370
Rừng cao su Bù Đăng,631034768
Thánh thất Vĩnh Lợi,631379911
The Hangart Da Nang,632757224
Dinh Cậu,634403448
Am Chúa,634410069
Khu di tích lịch sử chiến thắng Chương Thiện,635016101
Làng hương Cao Thôn,635670600
Chùa Phật Tích,637225910
Làng Nghề Chạm Bạc Đồng Xâm,637803484
Đảo Nam Cát,638657476
Đèo Thung Khe,63870680
Cầu Rồng,639140405
Nhà D67,63993340
Bạch Dinh,64145173
Ha Pagoda,641582792
Miếu Bà Chúa Xứ Núi Sam,642553457
Khu di tích cố Tổng Bí thư Hà Huy Tập,643330095
Thác Lưu Ly,643866920
Chùa Nam Sơn,644193616
Cánh đồng hoa oải hương Tùng Hạ,644331869
Cầu ngắm biển Hamptons Pier Hồ Tràm,644372103
Nhà thờ Chính tòa Bà Rịa (Nhà thờ Đức Mẹ Maria),645174417
Chùa Nhất Trụ,645839529
Chùa Đa Bảo,646459710
Chùa Sư Muôn,646636317
Đền Cao An Phụ – Kinh Môn Hải Dương,646673563
Công Viên Nghệ Thuật Đương Đại Urban Park - Grand World,647659435
Làng chạm khắc gỗ Đông Giao,64932665
Martyrs Monument,650695636
Khu Di Tích Quốc Gia Đặc Biệt Tân Trào,651366642
Coop Mart Vĩnh Long,652776356
Thung Nai,654235926
Hồ Suối Giai,654446483
Chùa Munirangsyaram,654500909
Hồ Thủy Điện Na Hang,656161269
Hòn Đá Bạc,656474700
Chùa Bửu Đài Sơn,656486262
Đảo Khỉ Nha Trang - Monkey Island,657923109
Bãi biển Thị trấn Hoàng Hôn,658343006
Tu viện Cát Minh Sài Gòn,660487551
Văn Miếu Trấn Biên,660639140
Công viên Văn hóa - Du lịch Cà Mau,661891443
Tịnh xá Ngọc Hải,662291832
Thác Mơ,662426185
Lăng vua Tự Đức,663589833
Chùa Hưng Quốc Tự,663718907
Hội Thánh Tin Lành Hà Nội,664239753
Nhà vườn An Hiên,664625864
Chùa Candaransi (Wat Chantarangsay),665293184
Khu di tích chiến thắng Điện Biên Phủ,665857439
Tượng đài Hữu nghị Việt - Nga,666538420
Hoang Lien,66659
Thành cổ Bắc Ninh,667723661
Den Mau Au Co,667900786
Phố đi bộ Hoàn Kiếm,66790556
Chùa Hương Tích,669670413
Chùa Vĩnh Nghiêm,66988
Phố Hiến,67034461
Cầu Phú Xuân,671067054
BaiDinh Chuong,67114
Khu du lịch sinh thái Tầm Vu,671554027
Cố đô Hoa Lư,672237682
Đền thờ Vua Lê Hoàn,673907348
Giáo xứ Hàng Bột,674280848
Tượng đài Liệt sĩ Vũng Tàu,675566131
Rừng Tre Mù Cang Chải,67800007
Đảo Lý Sơn,67848742
Tượng đài cụ Phan Bội Châu,679057019
Đập Thạch Nham,680536831
Hồ Tà Đùng,683831621
Làng Nôm,684274736
Vườn cây ăn trái Cái Mơn,684930541
Chùa Lâm Tỳ Ni,685233868
Đảo Hòn Khoai,685819556
Sóc Bom Bo,686502830
Động Phong Nha,686580105
Nhà thờ Cửa Bắc,686728776
Tượng Chúa Kitô Vua,687885332
Ngũ Hành Sơn,68869019
Nhà trưng bày hiện vật cổ vật văn hóa Thái – Mai Châu,689194153
Công viên 3 tháng 2,692741933
Thác Mai,694545133
Virgo Travel,69558233
Lăng mộ cụ Hàm Huỳnh Kỳ,696228113
Bãi đá Kỳ Xuân,696357654
Ruộng Bậc Thang Mù Cang Chải,696428035
Da Nang Cathedral in 2015 03,69727
Quảng Trường 3/2 TP. Bắc Giang,697517584
Đền Thờ Vua Hùng,697951602
Đỉnh Bàn Cờ,700642279
Lăng Mạc Cửu,701543496
Huyền thoại Tre (Bamboo Legend),703058274
Nông trại sinh thái Đắk Nông (Đak Nong Eco Farm),704421770
Chùa Hộ Quốc,70480672
Nhà Vườn Xuân Đài,704887195
Làng Pámé - Sinh Thái & Trải Nghiệm,706038954
Chùa Linh Ứng,708119872
Đức Mẹ Bãi Dâu,708729404
Làng quan họ Viêm Xá Bắc Ninh,709046132
Tượng Trương Vĩnh Ký,71126
Chùa Quan Âm,7115708
Tương Phật trong khuôn viên,71165
Cầu Tình Yêu Đà Nẵng,713864575
Sân chim Cà Mau,714132019
Chùa Đức Hòa,714134469
Vườn quốc gia Tràm Chim,714239699
Sân chim Vàm Hồ,714593996
Bên ô cửa,71489
Dinh Thống Nhất (Dinh Độc Lập),715246215
Chùa Sùng Đức,715532762
Đền Huế / Chùa Báo Quốc,719039533
Lam's Travel - Tour Trong Ngày Riêng Tư,719463971
Chùa Ôn Lăng (Hội quán Ôn Lăng),719588086
Đầm Thủy Triều,720657911
Nhà cổ Bình Thủy,720665158
Temple Ngọc Sơn,72275
Đền Ỷ La,723484868
Sân bay Tây Lộc,72605175
Tượng đài Trần Hưng Đạo,7264097
Chùa Tảo Sách,726659815
Farm Cô Chú Tuấn Hà,726672290
Chùa Một Cột (Thủ Đức),726707538
Hoàng Thành Thăng Long,72726628
Quần Thể Khu Du Lịch Pi Ni,727338208
Đinh camping vườn điều tự túc,730190702
Đền Champa (Bản sao tháp Po Klong Garai),730696315
Danang Bach Dang East,73161
Khu du lịch Bình Quới,732635813
Trong Động Thiên Đường 1,73264
Khu Du Lịch Khai Long,732952220
Bãi Kinh,733096288
Kim Lien Pagoda,733204089
Hầm chứa vũ khí bí mật của Biệt động Sài Gòn,733615610
Ho Chi Minh's Mausoleum - panoramio,73542
Đường Đồng Khởi,73587054
Chùa Ngọc Chương,735967886
Tịnh xá Ngọc Châu,737531271
Thích Ca Phật Đài,737756319
Nhà hát Cao Văn Lầu,738689746
Đền Đông Cuông,739255520
Chợ Đêm Vĩnh Long,739290060
Bản Lác,74137735
Beach Kids Da Nang,741949620
Nga Ba Tinh,74398479
Thái Bình Lâu,744375889
Chợ phiên Tả Sìn Thàng,744730777
Cầu Vĩnh Ngươn,746800888
Đồi Vọng Cảnh,747781723
Cầu Treo Kon Klor,74792063
Chùa Keo (Thần Quang Tự),74864553
Đèo Hải Vân,751630787
Biển Cồn Bửng,752848962
Văn miếu Xích Đằng,754067020
Nghĩa trang Đồng Nhi,755056831
Quán Âm Phật Đài,755231926
Chùa Thanh Mai,756050025
Quần Thể di tích Hải Thượng Lãn Ông - Lê Hữu Trác,756273664
Tháp chuông nhà thờ La Vang,75786
Nhà thờ Con Gà Đà Lạt,759277551
Đảo Robinson Nha Trang,761963540
Thiền Đường Giác Sơn,764723996
Đường Lý Tự Trọng,76473307
Chùa Bửu Sơn,764785797
Chùa Thiên Hưng,764970478
Thiền viện Trúc Lâm Hàm Rồng,766051867
Thế Miếu,766551225
Thác Bà Paradise Islands,766660345
Lũng Vân,766724627
Động Nàng Tiên,767540215
Làng cá sấu Hoa Cà,768633383
Hồ núi đá vôi Trại Sơn,768668703
Animist shrine near the Heavenly Kitchen Pagodam northern Vietnam (3),76871
Nông trại Bunny Hill Đà Lạt,769828257
Quảng trường Công xã Paris (Notre Dame Square),773079405
Cầu Vàng (Bà Nà Hills),774572954
Chùa Thiên Mụ,774867838
Tượng Phật Di Lặc,774952679
Công viên Bạch Đằng Hải Dương,776127986
Vườn quýt Lai Vung,776556788
"Phủ Nội Vụ (Royal Treasury), Huế",777247535
Chùa Khỉ (Thiền viện Trúc Lâm Chân Nguyên),780528364
Chùa Hương,782745886
Ao Tiên,783456084
Khu tưởng niệm nữ tướng Nguyễn Thị Định,783520902
Sa Pa,783963810
Cung văn hóa Hữu nghị Việt-Xô,78442
Nhà thờ Gỗ,785745512
Chùa Xá Lợi (Temple of the Buddha's Relic),785775711
Giáo xứ Thánh Giuse,786131289
Công viên thành phố mới Bình Dương,788361643
Đền thờ Bà chúa Thác Bờ,789315489
Đền Thái Vi,790085820
InterContinental Nha Trang,79053
Chùa Kiến An Cung,791578759
Đền Sri Thenday Yuttha Panin,792622275
Chùa Hội Khánh,792683898
Vườn quốc gia Ba Bể,793053800
Chùa Hang (Cốc Tự),79318059
Nhà thờ Vũng Tàu,793437041
Nhà cổ Tây Giai,793721149
Hồ Thác Bà,793740197
Thác Đá Hàn,796187169
Quoc Hoc high school,79684
Bich Dong1 tango7174,79723
Thác Nà Khoang,797295224
Chùa Phước Thành,797465682
Chùa Huyền Không Sơn Thượng,797723258
Tam Tông Miếu,799851528
Nhà Công Tử Bạc Liêu,802142029
Thành cổ Biên Hòa,802206975
Dinh 1 Đà Lạt (King Palace 1),802808028
Tháp Hòa Phong,803027609
Chùa Bà Ấn (Đền thờ Mariamman),805323836
"Nông trại Tang, Quảng Bình",80627508
Chùa Long Thọ,806362033
Cụm địa đạo Bến Dược,807709225
Phòng triển lãm Diện Đầm,808384042
Trang trại Dalat Blue Mountain,808690741
Đại Nội Huế (Hoàng Thành),808775218
Bản Co Mỵ,809232974
Đền Mẫu - Lào Cai,810305351
Đường Thanh Niên,810651834
Chùa Phụng Sơn (Chùa Gò),812058183
Chùa Quán Thế Âm,813291136
Khu di tích đại thi hào Nguyễn Du,815018135
Cham Khanh Hoa,816200853
Hang Đá Đức Mẹ,816629309
Làng bích họa Hải Sơn Mai Châu,816654221
Thác Mờ Nanh,816665158
Dinh Bảo Đại (Cầu Đá),816963707
Phố Hàng Mã,817885790
Vườn cây ăn trái Lái Thiêu,817901958
Lê Duẩn,821061255
Bến tàu Hàm Ninh,822092572
Đồi Mâm Xôi Mù Cang Chải,822988124
Nghĩa trang Hàng Dương,823597055
Nhà thờ Chánh tòa Đà Lạt,826465500
Động Puông,826732345
Đền thờ Công chúa Huyền Trân,828266912
Đàn tế Nam Giao (Thành Nhà Hồ),828334743
Chùa Phật Lớn,828459550
Tyres Park,831034143
Bản Pom Coọng,832084212
Tượng Phật Vàng (Thiền Viện Vạn Hạnh),833955217
Phố Nhật Sài Gòn (Japan Town),834958499
Lăng cụ Phó Bảng Nguyễn Sinh Sắc,83634845
Đền Bà Triệu,836399095
Làng Gốm Chu Đậu,836974316
Cột cờ Lũng Cú,837427638
Giếng Bá Lễ,838274682
Thánh đường Hồi giáo Trung tâm Sài Gòn,838399944
Khu du lịch sinh thái Đồng Nôi,839534299
Imi Farm,840381096
Nông trại Madam Thu,840702040
Đảo Hòn Bà,84140274
Làng Hương Thủy Xuân,841685797
Di tích rừng Trần Hưng Đạo,841751386
Đập Xuân Hoa,843442850
Cầu Rồng,84401
Dinh Thầy Thím,844549537
Đình Chèm,846101529
Con Dao Tiger Käfige,84676
Đồi chè Long Cốc,846936208
Đèo Khau Cốc Chà,847795054
Cầu Ánh Sao (Starlight Bridge),847937242
Hồ Hoàn Kiếm,85088
Đan viện Thiên An,851180941
Đài quan sát Saigon Skydeck,851395011
Chùa Hộ Pháp,851630348
Chùa Tây Tạng,852136792
Đình Tiên Thủy,852185900
Tháp cổ Vĩnh Hưng,853019168
Đền Hai Bà Trưng (Đền Đồng Nhân),853418329
Chợ Thương,853640287
Dinh Độc Lập,854846639
Đường Lê Văn Sỹ,856623282
Chùa Pháp Hoa,857426993
Thiền Viện Trúc Lâm,857717781
Lăng Thiệu Trị,858383300
Chùa Ông Bổn,860281925
Mũi Nghinh Phong,860672805
Dinh thự Mùa hè của Vị Vua cuối cùng (Dinh Bảo Đại),861995300
Trải nghiệm nông trại cà phê Sơn Pacamara,861999654
Nhà Cải Bên Thung Lũng Xanh,8631978
Citadel Hue 2098207706 25b0fa170e o,86503
Căn cứ Quân sự Rừng Sát,86542782
Tịnh Xá Ngọc Giác,867116272
Địa đạo Củ Chi,87112597
Chùa Bửu Minh,871156133
Nui Ba Den Aerial View 1971,87182
Dốc Hoàng Hôn Phan Thiết,87630793
Cây Đa Di Sản (Bán đảo Sơn Trà),878233744
Tượng đài vua Lê Thái Tổ,878314788
Chùa An Long,879580640
Hầm Đờ Cát,880464539
Bãi Biển Cồn Vành,880503887
Tượng Phật Thích Ca Mâu Ni,88139072
Núi Dành,88228003
Chùa Giác Viên,882682519
Quảng trường 2 tháng 4,883178480
Vườn quốc gia Cát Tiên,883243227
Thị trấn Hoàng Hôn Phú Quốc,883265353
Bức tranh Panorama - Tái hiện toàn cảnh Chiến dịch Điện Biên Phủ,887182408
Chùa Diệu Đế,889016564
Phước Đức cổ miếu,889310409
Nhà Lưu Niệm Danh Nhân Phan Bội Châu,88939677
Đền Bạch Mã,890867028
Chùa Sùng Hưng,891126140
Hồ sinh thái Bản Chang,891817957
Làng cổ Phong Nam,893798175
Biển Thạch Hải,893953102
Cầu Tình Yêu Đà Nẵng,894115890
Tòa thánh Cao Đài Đà Lạt,894737325
Nhà Thờ Chánh Tòa,895433040
Chùa Phước Điền,89775
Quảng trường Ba Đình,898232466
Chùa Bút Tháp,89882
Khu bảo tồn thiên nhiên Kon Jang Răng,899065093
Hồ Bạch Đằng,899072527
Lán Nà Nưa,899858669
Làng tranh Đông Hồ,900747808
Đình Châu Phú,901504300
Phố đi bộ Bùi Viện,902288075
Đầm Sen Minh Phương,902333956
Vịnh Lan Hạ,90251445
Suối khoáng nóng U Va,903149205
Chùa Thiền Lâm,903569214
Thác Đắk Mai,905147771
Chợ nổi Phụng Hiệp,905917479
Chùa Từ Hiếu,906368529
Đài thiên văn Nha Trang,907754022
Tượng cổ trong chùa Giác Viên,90776
Saigon One Tower March 2012,90811
Ha Chuong Hoi Quan Pagoda,910276156
Vườn quốc gia Chư Mom Ray,910865168
Rừng Mã Đà,913043436
Địa điểm Đại sứ quán Hoa Kỳ cũ,913113891
Pagode Quán Sứ,91317
Tòa tháp Tài chính Bitexco,913224736
Chùa Hưng Quảng,913787686
Chùa Báo Quốc,914499064
Chùa Thiền Lâm,914586568
Tượng đài vua Lý Thái Tổ,917188672
Tràm chim Vị Thủy,917982678
Cầu Phú Mỹ,919241666
Linh Quy Pháp Ấn,919798981
Hồ Thang Hen,922955545
Hang Cốc Bó,924235783
Notre Dame Square,927581279
Quảng trường Đại Đoàn Kết,928799828
Thung lũng Dundj,928863923
Trường Trung học Phổ thông Chuyên Quốc Học Huế,929324248
Khu du lịch sinh thái Đảo Cò,929743522
Đảo Hòn Dấu,930066915
Phố đi bộ Kim Đồng,933249443
Saigon Trade Centre,93380
Đồi cát Phương Mai,934276139
Bảo tàng Đồng Nai,934315563
Phố đi bộ Huế,934627276
Cao nguyên đá Đồng Văn,935728513
Đồng Cừu Suối Tiên,93608714
Inverted V Arches,93615
Dốc Bắc Sum,936694964
Nhà tù Phú Hải,937733277
Phước An Hội Quán,938373875
Chùa Từ Vân,938445531
Nông trại Dê Trắng (Detrang Farm),938595129
Đền Vua Lê,938810765
Rừng thông Yên Minh,938882288
Chua Giac Lam Gate,93932
Núi Các Mác,939876687
Hang Câu - Đảo Lý Sơn,940749163
Biển Vô Cực Thái Bình,94236931
Chùa Đa Bảo,942540552
Nhà thờ Phủ Cam,943183406
Đình Cổ Vũ,944816437
Đền Quan Đế,945405643
Hồ Hữu Tiệp và Xác máy bay B-52,945576049
Đài tưởng niệm các Anh hùng Liệt sĩ,945899
Điểm Chụp Lúa Sán Nhù,946359348
Biển Bình Đại,947268832
Thánh đường Jamiul Azhar,947494482
Tượng Phật chùa Vĩnh Tràng,94769
"Nghĩa địa An Bằng, Thành phố của những hồn ma",949523623
Thung Lũng Tình Yêu,949928284
Động Xá Nhè,950788193
Chùa Vạn Phật,950813436
Hung Temple,951937994
Bản Phiêng Lơi,952169680
Thác Pa Sỹ,952673077
Cọn nước khổng lồ Pù Luông,953678390
Cầu ngói Thanh Toàn,954041751
Đan Viện Thánh Mẫu Châu Sơn Đơn Dương,95547
Chợ Chiếu Định Yên,958217361
Cầu Hang Tôm,958976287
Chùa Thanh Vân (Chùa Hang Thạch Động),959735452
Khu du lịch Đại Nam,960150139
Chùa Tuyên Linh,960151105
Vinpearl Harbour Nha Trang,961538362
Khu du lịch nước khoáng nóng Thanh Thủy,961992259
"Nhà thờ Ba Làng, Nha Trang",963306847
Qmosaic Garden,964787662
Biển Hồ Chè Gia Lai,967568855
Tháp Bà Po Nagar,967583626
Làng hoa cảnh Chợ Lách,967930578
Động Tiên Phi,968603424
Động Kính Chủ,968987983
Vượt thác Sa Pa (Canyoning) - Thác Tình Yêu - Nửa ngày - Viettrekking,969041653
Vườn cò Tư Sự,969538426
Chùa Linh Sơn,97272
Thác Bản Giốc,972822094
Làng Lùng Tám,973293432
Hồ T'Nưng (Biển Hồ),973719197
Đền Lê Lai,97401134
Nghĩa trang Liệt sĩ Điện Biên Phủ,976032405
Lăng Lê Văn Duyệt (Lăng Ông Bà Chiểu),976848239
Chùa Bà Thiên Hậu,977430164
Tháp Nhị Nghiêm,97846
Di tích Bến tàu không số K15,979374928
Thánh đường Hồi giáo Al Noor,980671060
Mũi Cà Mau,981250524
Thánh thất Cao Đài,983527011
Công viên Lốp Xe (Tyre Park),986179395
Cột mốc số 0 (A Pa Chải),988954741
Trải nghiệm đi dạo cùng dê ở Đà Lạt (Goats In Dalat),990569205
Chùa Tháp Linh,990633459
Lăng vua Thiệu Trị,992170588
Dinh Cô (Long Hải),995071020
Đầm Ao Châu,995601011
Đền thờ Nguyễn Trung Trực,996076101
Làng nghề đúc đồng Đại Bái,996828102
Thác Thăng Thiên,996959937
Đền Phượng Hoàng,997942121
Vườn dâu Cái Tàu,998245818
Mộ Hàn Mặc Tử,99876075
Cảng Mũi Né (Làng chài Mũi Né),999216400
Hổ Quyền (Đấu trường Hổ),999882045
